Date,Open,High,Low,Close,Adjclose,Volume,Ticker
2020-01-02,1348.4100341796875,1368.6800537109375,1346.489990234375,1368.6800537109375,1368.6800537109375,1363900,GOOGL
2020-01-03,1348.0,1373.75,1347.3199462890625,1361.52001953125,1361.52001953125,1170400,GOOGL
2020-01-06,1351.6300048828125,1398.3199462890625,1351.0,1397.81005859375,1397.81005859375,2338400,GOOGL
2020-01-07,1400.4599609375,1403.5,1391.56005859375,1395.1099853515625,1395.1099853515625,1716500,GOOGL
2020-01-08,1394.8199462890625,1411.8499755859375,1392.6300048828125,1405.0400390625,1405.0400390625,1765700,GOOGL
2020-01-09,1421.9300537109375,1428.6800537109375,1410.2099609375,1419.7900390625,1419.7900390625,1660000,GOOGL
2020-01-10,1429.469970703125,1434.93994140625,1419.5999755859375,1428.9599609375,1428.9599609375,1312900,GOOGL
2020-01-13,1435.25,1441.47998046875,1425.3699951171875,1440.030029296875,1440.030029296875,1536500,GOOGL
2020-01-14,1440.0,1442.6300048828125,1427.77001953125,1430.5899658203125,1430.5899658203125,1303800,GOOGL
2020-01-15,1433.02001953125,1440.780029296875,1431.6600341796875,1439.199951171875,1439.199951171875,1077500,GOOGL
2020-01-16,1445.449951171875,1450.699951171875,1440.0,1450.1600341796875,1450.1600341796875,1304000,GOOGL
2020-01-17,1462.5400390625,1480.550048828125,1456.550048828125,1479.52001953125,1479.52001953125,2621200,GOOGL
2020-01-21,1479.0,1489.8800048828125,1470.2099609375,1482.25,1482.25,2446500,GOOGL
2020-01-22,1489.72998046875,1500.5799560546875,1482.6600341796875,1483.8699951171875,1483.8699951171875,1422900,GOOGL
2020-01-23,1487.550048828125,1493.5,1480.3199462890625,1484.68994140625,1484.68994140625,1332500,GOOGL
2020-01-24,1492.8199462890625,1494.199951171875,1463.1800537109375,1466.1700439453125,1466.1700439453125,1489300,GOOGL
2020-01-27,1431.5400390625,1436.5799560546875,1419.5,1431.72998046875,1431.72998046875,1706600,GOOGL
2020-01-28,1441.739990234375,1454.800048828125,1430.3599853515625,1450.5,1450.5,1486200,GOOGL
2020-01-29,1458.4599609375,1464.1400146484375,1445.3900146484375,1456.699951171875,1456.699951171875,1078300,GOOGL
2020-01-30,1438.0999755859375,1455.25,1435.0,1454.25,1454.25,1355500,GOOGL
2020-01-31,1467.8599853515625,1469.6700439453125,1427.06005859375,1432.780029296875,1432.780029296875,2191100,GOOGL
2020-02-03,1461.6500244140625,1486.300048828125,1456.6099853515625,1482.5999755859375,1482.5999755859375,3581800,GOOGL
2020-02-04,1454.489990234375,1467.3399658203125,1422.030029296875,1445.4100341796875,1445.4100341796875,4794000,GOOGL
2020-02-05,1463.6099853515625,1464.5799560546875,1429.6800537109375,1446.050048828125,1446.050048828125,1818800,GOOGL
2020-02-06,1451.97998046875,1481.56005859375,1450.47998046875,1475.969970703125,1475.969970703125,1891100,GOOGL
2020-02-07,1467.3900146484375,1485.25,1465.4100341796875,1479.1099853515625,1479.1099853515625,1418000,GOOGL
2020-02-10,1477.22998046875,1508.8800048828125,1475.199951171875,1508.6600341796875,1508.6600341796875,1915100,GOOGL
2020-02-11,1513.27001953125,1529.8800048828125,1505.449951171875,1510.06005859375,1510.06005859375,1742600,GOOGL
2020-02-12,1515.8599853515625,1520.300048828125,1508.6700439453125,1518.6300048828125,1518.6300048828125,1552100,GOOGL
2020-02-13,1510.0,1525.949951171875,1504.0,1513.3900146484375,1513.3900146484375,1145700,GOOGL
2020-02-14,1514.530029296875,1520.050048828125,1505.550048828125,1518.72998046875,1518.72998046875,1159900,GOOGL
2020-02-18,1514.3399658203125,1530.56005859375,1511.010009765625,1519.43994140625,1519.43994140625,1282100,GOOGL
2020-02-19,1527.199951171875,1530.739990234375,1520.97998046875,1524.8699951171875,1524.8699951171875,1137300,GOOGL
2020-02-20,1519.010009765625,1527.0699462890625,1504.260009765625,1516.989990234375,1516.989990234375,1298100,GOOGL
2020-02-21,1504.5799560546875,1510.949951171875,1478.489990234375,1483.4599609375,1483.4599609375,2126000,GOOGL
2020-02-24,1423.050048828125,1436.3800048828125,1406.7900390625,1419.8599853515625,1419.8599853515625,2478000,GOOGL
2020-02-25,1431.0,1436.8499755859375,1380.4200439453125,1386.3199462890625,1386.3199462890625,2579000,GOOGL
2020-02-26,1394.97998046875,1413.6700439453125,1376.550048828125,1390.469970703125,1390.469970703125,2488800,GOOGL
2020-02-27,1359.1400146484375,1369.4000244140625,1314.239990234375,1314.949951171875,1314.949951171875,3114500,GOOGL
2020-02-28,1274.31005859375,1342.449951171875,1268.2099609375,1339.25,1339.25,4009900,GOOGL
2020-03-02,1351.3900146484375,1387.469970703125,1325.199951171875,1386.3199462890625,1386.3199462890625,2771500,GOOGL
2020-03-03,1397.6800537109375,1408.18994140625,1329.239990234375,1337.719970703125,1337.719970703125,2830100,GOOGL
2020-03-04,1358.9599609375,1382.780029296875,1337.0,1381.5999755859375,1381.5999755859375,2379900,GOOGL
2020-03-05,1345.550048828125,1353.6300048828125,1301.6400146484375,1314.760009765625,1314.760009765625,2719000,GOOGL
2020-03-06,1269.949951171875,1302.75,1257.2099609375,1295.739990234375,1295.739990234375,3232000,GOOGL
2020-03-09,1204.9599609375,1252.72998046875,1198.0400390625,1215.7900390625,1215.7900390625,3462600,GOOGL
2020-03-10,1254.3900146484375,1275.8499755859375,1214.510009765625,1275.1700439453125,1275.1700439453125,2743600,GOOGL
2020-03-11,1248.27001953125,1256.9300537109375,1191.1400146484375,1210.9000244140625,1210.9000244140625,2736600,GOOGL
2020-03-12,1122.6199951171875,1188.75,1108.469970703125,1111.550048828125,1111.550048828125,4716300,GOOGL
2020-03-13,1174.989990234375,1214.4000244140625,1112.2900390625,1214.27001953125,1214.27001953125,3970000,GOOGL
2020-03-16,1089.6099853515625,1145.469970703125,1067.0799560546875,1073.0,1073.0,4826000,GOOGL
2020-03-17,1090.6400146484375,1126.0,1049.0999755859375,1118.06005859375,1118.06005859375,4159700,GOOGL
2020-03-18,1059.93994140625,1104.989990234375,1037.0,1091.18994140625,1091.18994140625,4652200,GOOGL
2020-03-19,1088.219970703125,1152.6099853515625,1055.550048828125,1111.6700439453125,1111.6700439453125,3703200,GOOGL
2020-03-20,1130.9000244140625,1138.47998046875,1062.0999755859375,1068.2099609375,1068.2099609375,4143900,GOOGL
2020-03-23,1056.3699951171875,1066.9100341796875,1008.8699951171875,1054.1300048828125,1054.1300048828125,4183600,GOOGL
2020-03-24,1103.97998046875,1133.3299560546875,1086.4300537109375,1130.010009765625,1130.010009765625,3623400,GOOGL
2020-03-25,1124.5799560546875,1146.1700439453125,1083.010009765625,1101.6199951171875,1101.6199951171875,4516200,GOOGL
2020-03-26,1114.719970703125,1171.47998046875,1092.030029296875,1162.9200439453125,1162.9200439453125,3828100,GOOGL
2020-03-27,1127.469970703125,1151.050048828125,1104.0,1110.260009765625,1110.260009765625,3139700,GOOGL
2020-03-30,1132.6400146484375,1151.0,1098.489990234375,1146.31005859375,1146.31005859375,2936800,GOOGL
2020-03-31,1148.72998046875,1173.4000244140625,1136.719970703125,1161.949951171875,1161.949951171875,3261400,GOOGL
2020-04-01,1124.0,1129.4200439453125,1093.489990234375,1102.0999755859375,1102.0999755859375,2598500,GOOGL
2020-04-02,1100.0,1122.77001953125,1093.1300048828125,1117.030029296875,1117.030029296875,2820500,GOOGL
2020-04-03,1114.7099609375,1118.7900390625,1075.0799560546875,1092.699951171875,1092.699951171875,2568700,GOOGL
2020-04-06,1133.0,1190.75,1125.0,1183.18994140625,1183.18994140625,3166000,GOOGL
2020-04-07,1217.010009765625,1220.780029296875,1177.25,1182.56005859375,1182.56005859375,3081000,GOOGL
2020-04-08,1203.0999755859375,1214.9000244140625,1183.949951171875,1207.0,1207.0,2016700,GOOGL
2020-04-09,1218.1800537109375,1221.989990234375,1192.4200439453125,1206.5699462890625,1206.5699462890625,2701400,GOOGL
2020-04-13,1201.5,1214.52001953125,1182.3299560546875,1210.4100341796875,1210.4100341796875,1935100,GOOGL
2020-04-14,1239.969970703125,1275.75,1228.5400390625,1265.22998046875,1265.22998046875,3167900,GOOGL
2020-04-15,1246.510009765625,1275.1099853515625,1234.0,1257.300048828125,1257.300048828125,2111800,GOOGL
2020-04-16,1267.1400146484375,1273.3599853515625,1238.199951171875,1257.4300537109375,1257.4300537109375,2894800,GOOGL
2020-04-17,1281.699951171875,1290.0,1266.0,1279.0,1279.0,2552500,GOOGL
2020-04-20,1269.8900146484375,1276.8199462890625,1256.43994140625,1261.1500244140625,1261.1500244140625,1764600,GOOGL
2020-04-21,1242.7099609375,1250.0,1205.0,1212.1600341796875,1212.1600341796875,2482400,GOOGL
2020-04-22,1241.1099853515625,1279.8800048828125,1237.199951171875,1258.4100341796875,1258.4100341796875,2314800,GOOGL
2020-04-23,1265.739990234375,1288.1500244140625,1260.530029296875,1271.1700439453125,1271.1700439453125,1710100,GOOGL
2020-04-24,1255.0,1277.7099609375,1244.0,1276.5999755859375,1276.5999755859375,1870100,GOOGL
2020-04-27,1292.0,1294.0999755859375,1265.06005859375,1270.8599853515625,1270.8599853515625,2209300,GOOGL
2020-04-28,1283.199951171875,1284.760009765625,1230.3800048828125,1232.5899658203125,1232.5899658203125,4035000,GOOGL
2020-04-29,1345.0,1360.1500244140625,1326.72998046875,1342.1800537109375,1342.1800537109375,5417900,GOOGL
2020-04-30,1331.3599853515625,1350.0,1321.5,1346.699951171875,1346.699951171875,2792100,GOOGL
2020-05-01,1324.0899658203125,1351.4300537109375,1309.6600341796875,1317.3199462890625,1317.3199462890625,2443600,GOOGL
2020-05-04,1308.1300048828125,1324.469970703125,1296.010009765625,1322.9000244140625,1322.9000244140625,1540300,GOOGL
2020-05-05,1337.5,1371.010009765625,1335.030029296875,1349.02001953125,1349.02001953125,1983300,GOOGL
2020-05-06,1358.0,1368.68994140625,1345.1300048828125,1345.4300537109375,1345.4300537109375,1586600,GOOGL
2020-05-07,1361.31005859375,1376.0,1352.5400390625,1369.280029296875,1369.280029296875,1532600,GOOGL
2020-05-08,1381.8199462890625,1396.6400146484375,1372.010009765625,1384.3399658203125,1384.3399658203125,1666300,GOOGL
2020-05-11,1376.7900390625,1415.530029296875,1375.5,1403.5899658203125,1403.5899658203125,1635900,GOOGL
2020-05-12,1408.219970703125,1414.3299560546875,1374.510009765625,1375.1800537109375,1375.1800537109375,1695900,GOOGL
2020-05-13,1376.1600341796875,1385.3299560546875,1328.010009765625,1348.3299560546875,1348.3299560546875,2018400,GOOGL
2020-05-14,1333.52001953125,1357.3699951171875,1323.300048828125,1356.8599853515625,1356.8599853515625,1833000,GOOGL
2020-05-15,1348.260009765625,1374.5799560546875,1339.0,1373.06005859375,1373.06005859375,2077200,GOOGL
2020-05-18,1361.5799560546875,1392.760009765625,1354.199951171875,1385.1800537109375,1385.1800537109375,2354700,GOOGL
2020-05-19,1385.47998046875,1392.489990234375,1373.760009765625,1374.4000244140625,1374.4000244140625,1579300,GOOGL
2020-05-20,1389.1600341796875,1412.030029296875,1387.4200439453125,1409.1600341796875,1409.1600341796875,1913100,GOOGL
2020-05-21,1410.989990234375,1416.4599609375,1394.3900146484375,1406.75,1406.75,1544700,GOOGL
2020-05-22,1403.9000244140625,1417.0,1395.949951171875,1413.239990234375,1413.239990234375,1427200,GOOGL
2020-05-26,1441.9599609375,1445.1099853515625,1419.4000244140625,1421.3699951171875,1421.3699951171875,2229500,GOOGL
2020-05-27,1420.0,1425.3499755859375,1394.5999755859375,1420.280029296875,1420.280029296875,1584200,GOOGL
2020-05-28,1400.0,1444.4599609375,1399.0799560546875,1418.239990234375,1418.239990234375,1758500,GOOGL
2020-05-29,1420.4300537109375,1436.72998046875,1415.97998046875,1433.52001953125,1433.52001953125,1852200,GOOGL
2020-06-01,1425.699951171875,1441.5799560546875,1422.280029296875,1434.8699951171875,1434.8699951171875,1258100,GOOGL
2020-06-02,1435.0,1443.0,1421.6099853515625,1442.31005859375,1442.31005859375,1172100,GOOGL
2020-06-03,1442.699951171875,1449.010009765625,1431.6199951171875,1439.25,1439.25,1386600,GOOGL
2020-06-04,1436.780029296875,1441.3199462890625,1406.010009765625,1414.300048828125,1414.300048828125,1349100,GOOGL
2020-06-05,1415.6400146484375,1446.300048828125,1407.6199951171875,1440.02001953125,1440.02001953125,2132100,GOOGL
2020-06-08,1426.280029296875,1449.0,1424.47998046875,1448.0400390625,1448.0400390625,1693900,GOOGL
2020-06-09,1445.239990234375,1467.800048828125,1442.3599853515625,1452.0799560546875,1452.0799560546875,1681200,GOOGL
2020-06-10,1461.510009765625,1472.77001953125,1454.3599853515625,1464.699951171875,1464.699951171875,1588100,GOOGL
2020-06-11,1441.030029296875,1451.5999755859375,1398.4100341796875,1401.9000244140625,1401.9000244140625,2357200,GOOGL
2020-06-12,1425.8599853515625,1434.510009765625,1385.800048828125,1412.9200439453125,1412.9200439453125,1833800,GOOGL
2020-06-15,1389.489990234375,1425.0,1387.199951171875,1420.739990234375,1420.739990234375,1523400,GOOGL
2020-06-16,1449.0,1457.1700439453125,1428.989990234375,1446.469970703125,1446.469970703125,1532400,GOOGL
2020-06-17,1452.93994140625,1462.199951171875,1435.1300048828125,1452.5400390625,1452.5400390625,1530500,GOOGL
2020-06-18,1449.8499755859375,1452.969970703125,1426.239990234375,1434.1199951171875,1434.1199951171875,1743100,GOOGL
2020-06-19,1440.0,1444.5,1419.0,1424.6400146484375,1424.6400146484375,2639200,GOOGL
2020-06-22,1425.010009765625,1450.949951171875,1419.18994140625,1450.6600341796875,1450.6600341796875,1472100,GOOGL
2020-06-23,1452.0,1475.199951171875,1445.0,1463.97998046875,1463.97998046875,1887600,GOOGL
2020-06-24,1463.280029296875,1475.7900390625,1430.0,1432.699951171875,1432.699951171875,1579600,GOOGL
2020-06-25,1431.219970703125,1442.3199462890625,1419.5400390625,1441.0999755859375,1441.0999755859375,1197900,GOOGL
2020-06-26,1432.6300048828125,1437.02001953125,1355.0,1362.5400390625,1362.5400390625,4882000,GOOGL
2020-06-29,1360.3399658203125,1398.0,1351.6500244140625,1397.1700439453125,1397.1700439453125,2253700,GOOGL
2020-06-30,1396.8800048828125,1424.0,1386.9300537109375,1418.050048828125,1418.050048828125,2014300,GOOGL
2020-07-01,1419.1700439453125,1448.47998046875,1414.1800537109375,1442.0,1442.0,2109100,GOOGL
2020-07-02,1451.8399658203125,1488.52001953125,1451.0699462890625,1469.9300537109375,1469.9300537109375,2860900,GOOGL
2020-07-06,1488.1500244140625,1510.0,1476.97998046875,1499.6500244140625,1499.6500244140625,2235600,GOOGL
2020-07-07,1496.1300048828125,1521.3199462890625,1489.699951171875,1489.9200439453125,1489.9200439453125,2118200,GOOGL
2020-07-08,1500.800048828125,1511.1700439453125,1492.300048828125,1503.5999755859375,1503.5999755859375,1588300,GOOGL
2020-07-09,1509.9300537109375,1529.1400146484375,1495.5899658203125,1518.6600341796875,1518.6600341796875,2091800,GOOGL
2020-07-10,1513.25,1541.3399658203125,1500.719970703125,1539.010009765625,1539.010009765625,1795900,GOOGL
2020-07-13,1549.93994140625,1576.3599853515625,1506.56005859375,1512.22998046875,1512.22998046875,2147700,GOOGL
2020-07-14,1492.7900390625,1522.800048828125,1485.9300537109375,1520.8599853515625,1520.8599853515625,1905400,GOOGL
2020-07-15,1523.22998046875,1536.3299560546875,1497.8299560546875,1516.8800048828125,1516.8800048828125,1551300,GOOGL
2020-07-16,1501.5,1515.9100341796875,1488.27001953125,1514.9200439453125,1514.9200439453125,1324200,GOOGL
2020-07-17,1516.9100341796875,1523.4300537109375,1498.0999755859375,1516.8499755859375,1516.8499755859375,1713200,GOOGL
2020-07-20,1515.0,1569.010009765625,1502.699951171875,1563.8399658203125,1563.8399658203125,1508300,GOOGL
2020-07-21,1585.030029296875,1587.050048828125,1552.6199951171875,1555.9200439453125,1555.9200439453125,1374300,GOOGL
2020-07-22,1555.7099609375,1566.97998046875,1543.22998046875,1564.8499755859375,1564.8499755859375,1224100,GOOGL
2020-07-23,1565.9300537109375,1570.3499755859375,1508.5899658203125,1516.75,1516.75,1695500,GOOGL
2020-07-24,1499.18994140625,1515.4300537109375,1487.5899658203125,1508.2099609375,1508.2099609375,1495100,GOOGL
2020-07-27,1513.260009765625,1537.56005859375,1512.3299560546875,1529.4300537109375,1529.4300537109375,1356200,GOOGL
2020-07-28,1525.0,1526.010009765625,1500.52001953125,1503.6500244140625,1503.6500244140625,1545500,GOOGL
2020-07-29,1505.0,1533.3299560546875,1503.010009765625,1523.510009765625,1523.510009765625,1133800,GOOGL
2020-07-30,1497.969970703125,1540.8900146484375,1495.1700439453125,1538.3699951171875,1538.3699951171875,1802100,GOOGL
2020-07-31,1497.050048828125,1505.02001953125,1454.0,1487.949951171875,1487.949951171875,4573400,GOOGL
2020-08-03,1491.0,1497.72998046875,1471.719970703125,1482.760009765625,1482.760009765625,2274100,GOOGL
2020-08-04,1486.7099609375,1493.1099853515625,1464.030029296875,1473.300048828125,1473.300048828125,1860600,GOOGL
2020-08-05,1476.8199462890625,1490.0,1471.219970703125,1479.0899658203125,1479.0899658203125,1456700,GOOGL
2020-08-06,1476.1500244140625,1506.27001953125,1471.9000244140625,1504.949951171875,1504.949951171875,1665300,GOOGL
2020-08-07,1509.0400390625,1520.0899658203125,1486.27001953125,1498.3699951171875,1498.3699951171875,1385900,GOOGL
2020-08-10,1490.800048828125,1507.1500244140625,1477.489990234375,1496.8199462890625,1496.8199462890625,1027300,GOOGL
2020-08-11,1494.0,1510.43994140625,1478.18994140625,1480.5400390625,1480.5400390625,1554900,GOOGL
2020-08-12,1487.1199951171875,1511.6700439453125,1485.0,1507.239990234375,1507.239990234375,1125600,GOOGL
2020-08-13,1508.2099609375,1536.969970703125,1508.2099609375,1516.6500244140625,1516.6500244140625,1119400,GOOGL
2020-08-14,1513.6099853515625,1519.7900390625,1499.0,1504.6300048828125,1504.6300048828125,1097100,GOOGL
2020-08-17,1515.969970703125,1523.780029296875,1505.0,1516.239990234375,1516.239990234375,999500,GOOGL
2020-08-18,1526.1199951171875,1557.3699951171875,1521.6700439453125,1555.780029296875,1555.780029296875,1418900,GOOGL
2020-08-19,1552.489990234375,1568.8599853515625,1540.0,1544.6099853515625,1544.6099853515625,1523600,GOOGL
2020-08-20,1539.969970703125,1580.1700439453125,1534.4599609375,1576.25,1576.25,1319100,GOOGL
2020-08-21,1571.800048828125,1591.8800048828125,1562.31005859375,1575.5699462890625,1575.5699462890625,1741900,GOOGL
2020-08-24,1592.469970703125,1608.780029296875,1575.0400390625,1585.1500244140625,1585.1500244140625,1281900,GOOGL
2020-08-25,1580.0999755859375,1608.8800048828125,1577.8800048828125,1605.8499755859375,1605.8499755859375,1257500,GOOGL
2020-08-26,1606.300048828125,1652.7900390625,1600.97998046875,1644.1300048828125,1644.1300048828125,2609400,GOOGL
2020-08-27,1646.6099853515625,1647.989990234375,1618.81005859375,1628.52001953125,1628.52001953125,1567500,GOOGL
2020-08-28,1629.469970703125,1641.3499755859375,1625.6099853515625,1639.4300537109375,1639.4300537109375,1120900,GOOGL
2020-08-31,1643.5699462890625,1644.5,1625.3299560546875,1629.530029296875,1629.530029296875,1321100,GOOGL
2020-09-01,1632.1600341796875,1659.219970703125,1629.530029296875,1655.0799560546875,1655.0799560546875,1132600,GOOGL
2020-09-02,1668.010009765625,1726.0999755859375,1660.18994140625,1717.3900146484375,1717.3900146484375,2476100,GOOGL
2020-09-03,1699.52001953125,1700.0,1607.7099609375,1629.510009765625,1629.510009765625,3186300,GOOGL
2020-09-04,1609.0,1634.989990234375,1537.969970703125,1581.2099609375,1581.2099609375,2792500,GOOGL
2020-09-08,1525.0,1555.550048828125,1516.5,1523.5999755859375,1523.5999755859375,2701600,GOOGL
2020-09-09,1548.9000244140625,1558.719970703125,1525.1700439453125,1547.22998046875,1547.22998046875,1962100,GOOGL
2020-09-10,1550.1800537109375,1573.6600341796875,1520.0,1526.050048828125,1526.050048828125,1651200,GOOGL
2020-09-11,1528.1500244140625,1538.699951171875,1493.02001953125,1515.760009765625,1515.760009765625,1535300,GOOGL
2020-09-14,1531.6500244140625,1557.0,1505.1099853515625,1508.8299560546875,1508.8299560546875,2133000,GOOGL
2020-09-15,1527.8900146484375,1550.989990234375,1522.0999755859375,1535.1199951171875,1535.1199951171875,1152100,GOOGL
2020-09-16,1542.47998046875,1554.3699951171875,1511.5899658203125,1512.0899658203125,1512.0899658203125,1106400,GOOGL
2020-09-17,1485.81005859375,1498.6600341796875,1462.4599609375,1487.0400390625,1487.0400390625,2000400,GOOGL
2020-09-18,1488.300048828125,1495.199951171875,1431.6199951171875,1451.0899658203125,1451.0899658203125,3152800,GOOGL
2020-09-21,1431.6199951171875,1440.06005859375,1402.6800537109375,1430.1400146484375,1430.1400146484375,2845400,GOOGL
2020-09-22,1450.3199462890625,1463.969970703125,1429.5,1459.8199462890625,1459.8199462890625,1697500,GOOGL
2020-09-23,1452.0899658203125,1453.0799560546875,1402.6800537109375,1409.3900146484375,1409.3900146484375,1886300,GOOGL
2020-09-24,1402.6800537109375,1437.989990234375,1402.1500244140625,1422.8599853515625,1422.8599853515625,1727600,GOOGL
2020-09-25,1425.050048828125,1445.93994140625,1407.6800537109375,1439.06005859375,1439.06005859375,1516300,GOOGL
2020-09-28,1471.989990234375,1472.989990234375,1446.280029296875,1458.6600341796875,1458.6600341796875,1539200,GOOGL
2020-09-29,1463.9100341796875,1472.0,1454.0,1466.02001953125,1466.02001953125,1590800,GOOGL
2020-09-30,1460.93994140625,1486.199951171875,1455.760009765625,1465.5999755859375,1465.5999755859375,2046200,GOOGL
2020-10-01,1483.6600341796875,1495.0699462890625,1476.800048828125,1487.9000244140625,1487.9000244140625,1644200,GOOGL
2020-10-02,1459.6300048828125,1479.030029296875,1447.3499755859375,1455.5999755859375,1455.5999755859375,1561100,GOOGL
2020-10-05,1462.6500244140625,1484.699951171875,1460.0899658203125,1482.8299560546875,1482.8299560546875,1080100,GOOGL
2020-10-06,1475.5,1484.52001953125,1445.010009765625,1451.02001953125,1451.02001953125,1304800,GOOGL
2020-10-07,1459.31005859375,1468.969970703125,1433.22998046875,1459.1400146484375,1459.1400146484375,1805400,GOOGL
2020-10-08,1465.449951171875,1488.030029296875,1465.449951171875,1483.4300537109375,1483.4300537109375,1303800,GOOGL
2020-10-09,1492.8599853515625,1511.8499755859375,1487.0,1510.449951171875,1510.449951171875,1648300,GOOGL
2020-10-12,1538.0,1588.4200439453125,1529.300048828125,1564.5899658203125,1564.5899658203125,2767200,GOOGL
2020-10-13,1577.010009765625,1585.1600341796875,1558.6300048828125,1567.0699462890625,1567.0699462890625,1953600,GOOGL
2020-10-14,1574.5999755859375,1583.8499755859375,1545.9000244140625,1563.43994140625,1563.43994140625,1658700,GOOGL
2020-10-15,1544.5,1571.4000244140625,1541.1300048828125,1555.469970703125,1555.469970703125,1560500,GOOGL
2020-10-16,1561.8299560546875,1577.7099609375,1557.6600341796875,1567.699951171875,1567.699951171875,1709700,GOOGL
2020-10-19,1575.9300537109375,1583.9300537109375,1522.9200439453125,1529.949951171875,1529.949951171875,1486700,GOOGL
2020-10-20,1523.1099853515625,1573.8399658203125,1520.5,1551.0799560546875,1551.0799560546875,2083500,GOOGL
2020-10-21,1569.8499755859375,1615.1400146484375,1567.1400146484375,1585.989990234375,1585.989990234375,3016100,GOOGL
2020-10-22,1585.0,1613.4200439453125,1577.47998046875,1606.6600341796875,1606.6600341796875,1525600,GOOGL
2020-10-23,1615.050048828125,1634.1199951171875,1611.9100341796875,1632.97998046875,1632.97998046875,1527400,GOOGL
2020-10-26,1615.0,1629.5799560546875,1567.780029296875,1584.2900390625,1584.2900390625,1791300,GOOGL
2020-10-27,1588.9300537109375,1602.0,1576.989990234375,1598.8800048828125,1598.8800048828125,1295100,GOOGL
2020-10-28,1550.010009765625,1553.81005859375,1508.47998046875,1510.800048828125,1510.800048828125,2258700,GOOGL
2020-10-29,1517.02001953125,1588.739990234375,1516.550048828125,1556.8800048828125,1556.8800048828125,2770300,GOOGL
2020-10-30,1667.43994140625,1681.3199462890625,1601.5699462890625,1616.1099853515625,1616.1099853515625,4993900,GOOGL
2020-11-02,1623.5400390625,1658.239990234375,1614.239990234375,1624.3199462890625,1624.3199462890625,2211400,GOOGL
2020-11-03,1630.760009765625,1659.0,1612.1099853515625,1645.6600341796875,1645.6600341796875,1571600,GOOGL
2020-11-04,1705.5799560546875,1770.030029296875,1703.0,1745.8499755859375,1745.8499755859375,3567100,GOOGL
2020-11-05,1770.449951171875,1791.8199462890625,1741.030029296875,1762.5,1762.5,1987900,GOOGL
2020-11-06,1751.3399658203125,1768.5,1736.6800537109375,1759.72998046875,1759.72998046875,1431100,GOOGL
2020-11-09,1795.97998046875,1816.8900146484375,1757.550048828125,1761.4200439453125,1761.4200439453125,2672000,GOOGL
2020-11-10,1729.77001953125,1759.3800048828125,1716.1199951171875,1737.719970703125,1737.719970703125,2151100,GOOGL
2020-11-11,1748.4000244140625,1762.9000244140625,1743.06005859375,1747.22998046875,1747.22998046875,1591900,GOOGL
2020-11-12,1742.0,1764.97998046875,1737.969970703125,1742.8199462890625,1742.8199462890625,1323700,GOOGL
2020-11-13,1748.0,1777.1300048828125,1735.97998046875,1772.260009765625,1772.260009765625,1487200,GOOGL
2020-11-16,1764.1400146484375,1794.3399658203125,1761.3299560546875,1774.030029296875,1774.030029296875,1273400,GOOGL
2020-11-17,1767.8599853515625,1777.1400146484375,1759.489990234375,1761.6600341796875,1761.6600341796875,1065700,GOOGL
2020-11-18,1756.6400146484375,1765.0,1738.5699462890625,1740.6400146484375,1740.6400146484375,1005400,GOOGL
2020-11-19,1733.22998046875,1763.489990234375,1730.02001953125,1758.5699462890625,1758.5699462890625,1005300,GOOGL
2020-11-20,1762.0,1768.3599853515625,1735.0,1736.3800048828125,1736.3800048828125,1384700,GOOGL
2020-11-23,1740.219970703125,1745.989990234375,1710.1800537109375,1727.56005859375,1727.56005859375,1126500,GOOGL
2020-11-24,1727.5,1766.47998046875,1720.72998046875,1763.9000244140625,1763.9000244140625,1399200,GOOGL
2020-11-25,1767.81005859375,1770.3800048828125,1748.3599853515625,1764.1300048828125,1764.1300048828125,980000,GOOGL
2020-11-27,1764.5400390625,1797.010009765625,1764.5400390625,1787.02001953125,1787.02001953125,739500,GOOGL
2020-11-30,1775.6500244140625,1780.3399658203125,1747.8399658203125,1754.4000244140625,1754.4000244140625,1620900,GOOGL
2020-12-01,1766.6600341796875,1821.719970703125,1763.030029296875,1795.3599853515625,1795.3599853515625,1867500,GOOGL
2020-12-02,1795.3599853515625,1832.739990234375,1785.1700439453125,1824.969970703125,1824.969970703125,1471200,GOOGL
2020-12-03,1820.5400390625,1843.8299560546875,1817.0,1821.8399658203125,1821.8399658203125,1236400,GOOGL
2020-12-04,1820.219970703125,1829.5,1813.5899658203125,1823.760009765625,1823.760009765625,1027200,GOOGL
2020-12-07,1815.550048828125,1829.2900390625,1803.0400390625,1817.030029296875,1817.030029296875,1114400,GOOGL
2020-12-08,1808.52001953125,1815.969970703125,1791.280029296875,1811.3299560546875,1811.3299560546875,996800,GOOGL
2020-12-09,1810.3599853515625,1828.3699951171875,1762.0,1777.8599853515625,1777.8599853515625,1586400,GOOGL
2020-12-10,1762.5999755859375,1774.989990234375,1733.530029296875,1767.6500244140625,1767.6500244140625,1434400,GOOGL
2020-12-11,1760.0,1777.31005859375,1752.739990234375,1774.800048828125,1774.800048828125,931400,GOOGL
2020-12-14,1770.719970703125,1789.800048828125,1749.1300048828125,1752.260009765625,1752.260009765625,1652500,GOOGL
2020-12-15,1759.8599853515625,1764.0,1741.6700439453125,1761.0799560546875,1761.0799560546875,1067600,GOOGL
2020-12-16,1769.1099853515625,1769.1099853515625,1749.06005859375,1757.18994140625,1757.18994140625,1233800,GOOGL
2020-12-17,1763.9300537109375,1766.7099609375,1731.1500244140625,1740.510009765625,1740.510009765625,1744000,GOOGL
2020-12-18,1746.1700439453125,1748.3599853515625,1715.0,1726.219970703125,1726.219970703125,4262800,GOOGL
2020-12-21,1709.1300048828125,1737.0,1694.0,1734.56005859375,1734.56005859375,1698700,GOOGL
2020-12-22,1729.3299560546875,1732.6099853515625,1705.780029296875,1720.219970703125,1720.219970703125,1018500,GOOGL
2020-12-23,1723.9300537109375,1744.1099853515625,1721.199951171875,1728.22998046875,1728.22998046875,1148700,GOOGL
2020-12-24,1729.0,1742.4100341796875,1724.3499755859375,1734.1600341796875,1734.1600341796875,465600,GOOGL
2020-12-28,1744.9100341796875,1787.0,1741.8199462890625,1773.9599609375,1773.9599609375,1382500,GOOGL
2020-12-29,1787.22998046875,1788.469970703125,1755.1099853515625,1757.760009765625,1757.760009765625,986300,GOOGL
2020-12-30,1765.0,1767.760009765625,1728.0,1736.25,1736.25,1051300,GOOGL
2020-12-31,1737.27001953125,1757.5,1736.0899658203125,1752.6400146484375,1752.6400146484375,1053500,GOOGL
2021-01-04,1760.0,1762.489990234375,1707.1400146484375,1726.1300048828125,1726.1300048828125,1866200,GOOGL
2021-01-05,1725.0899658203125,1746.8299560546875,1716.9000244140625,1740.050048828125,1740.050048828125,1018000,GOOGL
2021-01-06,1700.260009765625,1743.969970703125,1696.0999755859375,1722.8800048828125,1722.8800048828125,2329400,GOOGL
2021-01-07,1726.760009765625,1777.8199462890625,1726.760009765625,1774.3399658203125,1774.3399658203125,2096800,GOOGL
2021-01-08,1777.1600341796875,1799.3599853515625,1761.219970703125,1797.8299560546875,1797.8299560546875,1774200,GOOGL
2021-01-11,1777.02001953125,1784.3800048828125,1752.1400146484375,1756.2900390625,1756.2900390625,1739800,GOOGL
2021-01-12,1745.3599853515625,1767.9000244140625,1716.3800048828125,1737.4300537109375,1737.4300537109375,1476400,GOOGL
2021-01-13,1727.3199462890625,1756.3900146484375,1727.3199462890625,1747.25,1747.25,1171600,GOOGL
2021-01-14,1748.8699951171875,1767.550048828125,1726.0699462890625,1730.9200439453125,1730.9200439453125,1460600,GOOGL
2021-01-15,1729.02001953125,1747.6199951171875,1711.7099609375,1727.6199951171875,1727.6199951171875,1572200,GOOGL
2021-01-19,1743.0,1803.8399658203125,1732.8299560546875,1784.469970703125,1784.469970703125,2083000,GOOGL
2021-01-20,1826.3699951171875,1899.719970703125,1819.510009765625,1880.0699462890625,1880.0699462890625,3207600,GOOGL
2021-01-21,1893.6500244140625,1932.0799560546875,1879.4100341796875,1884.1500244140625,1884.1500244140625,2931700,GOOGL
2021-01-22,1891.4599609375,1904.3900146484375,1876.5,1892.56005859375,1892.56005859375,1637200,GOOGL
2021-01-25,1912.739990234375,1921.8199462890625,1859.1600341796875,1894.280029296875,1894.280029296875,2529300,GOOGL
2021-01-26,1885.989990234375,1915.75,1876.1300048828125,1907.949951171875,1907.949951171875,1573100,GOOGL
2021-01-27,1874.9100341796875,1880.469970703125,1797.280029296875,1818.93994140625,1818.93994140625,4125600,GOOGL
2021-01-28,1831.0,1887.989990234375,1831.0,1853.199951171875,1853.199951171875,2763900,GOOGL
2021-01-29,1834.02001953125,1847.5400390625,1801.56005859375,1827.3599853515625,1827.3599853515625,2226500,GOOGL
2021-02-01,1844.5899658203125,1915.5400390625,1844.5899658203125,1893.0699462890625,1893.0699462890625,2012600,GOOGL
2021-02-02,1913.1300048828125,1949.3699951171875,1906.3699951171875,1919.1199951171875,1919.1199951171875,3316600,GOOGL
2021-02-03,2065.610107421875,2106.6201171875,2013.550048828125,2058.8798828125,2058.8798828125,4894100,GOOGL
2021-02-04,2060.6201171875,2069.300048828125,2035.0999755859375,2053.6298828125,2053.6298828125,2429800,GOOGL
2021-02-05,2059.56005859375,2095.93994140625,2050.0,2088.830078125,2088.830078125,1493300,GOOGL
2021-02-08,2100.0,2115.0,2063.35009765625,2084.52001953125,2084.52001953125,1441400,GOOGL
2021-02-09,2074.800048828125,2098.510009765625,2070.0,2075.389892578125,2075.389892578125,1094600,GOOGL
2021-02-10,2083.139892578125,2098.8798828125,2052.239990234375,2086.47998046875,2086.47998046875,1255100,GOOGL
2021-02-11,2091.0,2094.0,2068.860107421875,2088.75,2088.75,1024000,GOOGL
2021-02-12,2079.77001953125,2099.5,2073.570068359375,2095.030029296875,2095.030029296875,949500,GOOGL
2021-02-16,2091.75,2145.139892578125,2091.75,2110.699951171875,2110.699951171875,1550200,GOOGL
2021-02-17,2093.97998046875,2122.43994140625,2088.35009765625,2118.6201171875,2118.6201171875,1014700,GOOGL
2021-02-18,2105.0,2121.989990234375,2093.330078125,2105.81005859375,2105.81005859375,1127300,GOOGL
2021-02-19,2107.7900390625,2118.580078125,2083.429931640625,2088.81005859375,2088.81005859375,1896900,GOOGL
2021-02-22,2053.60009765625,2080.330078125,2048.0,2054.260009765625,2054.260009765625,1473300,GOOGL
2021-02-23,2013.989990234375,2072.5,1990.22998046875,2060.1201171875,2060.1201171875,1732900,GOOGL
2021-02-24,2030.0400390625,2088.320068359375,2027.530029296875,2083.81005859375,2083.81005859375,1130400,GOOGL
2021-02-25,2055.929931640625,2083.0,2006.489990234375,2015.949951171875,2015.949951171875,2077400,GOOGL
2021-02-26,2029.949951171875,2056.52001953125,2001.010009765625,2021.9100341796875,2021.9100341796875,2002100,GOOGL
2021-03-01,2048.0,2076.22998046875,2034.4200439453125,2069.659912109375,2069.659912109375,1303000,GOOGL
2021-03-02,2064.840087890625,2094.739990234375,2056.669921875,2064.47998046875,2064.47998046875,1278200,GOOGL
2021-03-03,2051.949951171875,2075.989990234375,1994.0,2011.4100341796875,2011.4100341796875,1694600,GOOGL
2021-03-04,2014.8699951171875,2074.590087890625,2005.4300537109375,2033.9300537109375,2033.9300537109375,2460800,GOOGL
2021-03-05,2061.14990234375,2106.199951171875,2027.780029296875,2097.070068359375,2097.070068359375,2655000,GOOGL
2021-03-08,2084.06005859375,2113.739990234375,2005.18994140625,2007.5,2007.5,1843400,GOOGL
2021-03-09,2049.75,2063.919921875,2035.5999755859375,2040.3599853515625,2040.3599853515625,1696000,GOOGL
2021-03-10,2061.39990234375,2061.39990234375,2019.3299560546875,2036.18994140625,2036.18994140625,1355000,GOOGL
2021-03-11,2058.219970703125,2111.27001953125,2056.449951171875,2100.5400390625,2100.5400390625,1385100,GOOGL
2021-03-12,2076.409912109375,2077.610107421875,2032.4200439453125,2050.0,2050.0,1690900,GOOGL
2021-03-15,2044.97998046875,2054.989990234375,2027.7900390625,2054.43994140625,2054.43994140625,1308400,GOOGL
2021-03-16,2065.989990234375,2113.679931640625,2059.2900390625,2083.889892578125,2083.889892578125,1595000,GOOGL
2021-03-17,2068.469970703125,2099.0,2044.1199951171875,2082.219970703125,2082.219970703125,1319100,GOOGL
2021-03-18,2048.179931640625,2068.75,2019.1800537109375,2021.3399658203125,2021.3399658203125,1585000,GOOGL
2021-03-19,2029.72998046875,2037.0400390625,2002.9300537109375,2026.9599609375,2026.9599609375,2303600,GOOGL
2021-03-22,2027.6300048828125,2048.340087890625,2014.0,2030.68994140625,2030.68994140625,1676800,GOOGL
2021-03-23,2039.949951171875,2064.110107421875,2028.0,2041.3299560546875,2041.3299560546875,1425500,GOOGL
2021-03-24,2051.760009765625,2067.60009765625,2029.0,2032.530029296875,2032.530029296875,1260900,GOOGL
2021-03-25,2029.050048828125,2045.6400146484375,1996.0899658203125,2032.4599609375,2032.4599609375,1780800,GOOGL
2021-03-26,2031.7900390625,2039.3900146484375,2003.8499755859375,2024.72998046875,2024.72998046875,1398900,GOOGL
2021-03-29,2022.1600341796875,2049.2099609375,2005.449951171875,2045.7900390625,2045.7900390625,1324600,GOOGL
2021-03-30,2052.97998046875,2062.669921875,2036.1500244140625,2046.469970703125,2046.469970703125,1365600,GOOGL
2021-03-31,2054.39990234375,2086.260009765625,2047.0,2062.52001953125,2062.52001953125,2128500,GOOGL
2021-04-01,2092.25,2135.75,2091.429931640625,2129.780029296875,2129.780029296875,1994000,GOOGL
2021-04-05,2147.14990234375,2228.989990234375,2145.2099609375,2218.9599609375,2218.9599609375,2425500,GOOGL
2021-04-06,2210.919921875,2228.0,2201.7900390625,2209.260009765625,2209.260009765625,1762000,GOOGL
2021-04-07,2213.10009765625,2244.5,2213.10009765625,2239.030029296875,2239.030029296875,1206700,GOOGL
2021-04-08,2264.0,2271.7900390625,2243.010009765625,2250.429931640625,2250.429931640625,1433200,GOOGL
2021-04-09,2245.43994140625,2273.969970703125,2237.260009765625,2270.669921875,2270.669921875,1307300,GOOGL
2021-04-12,2254.1201171875,2256.889892578125,2227.820068359375,2244.6201171875,2244.6201171875,1251200,GOOGL
2021-04-13,2250.989990234375,2263.469970703125,2243.050048828125,2254.429931640625,2254.429931640625,1284100,GOOGL
2021-04-14,2267.429931640625,2267.429931640625,2236.02001953125,2241.909912109375,2241.909912109375,1050100,GOOGL
2021-04-15,2261.949951171875,2296.0,2251.169921875,2285.25,2285.25,1458700,GOOGL
2021-04-16,2289.239990234375,2294.239990234375,2270.919921875,2282.75,2282.75,1314100,GOOGL
2021-04-19,2270.179931640625,2304.090087890625,2270.179931640625,2289.760009765625,2289.760009765625,1514500,GOOGL
2021-04-20,2297.489990234375,2299.0,2257.1201171875,2279.010009765625,2279.010009765625,1114400,GOOGL
2021-04-21,2272.050048828125,2280.0,2244.820068359375,2278.35009765625,2278.35009765625,1160200,GOOGL
2021-04-22,2275.39990234375,2288.8798828125,2240.320068359375,2252.52001953125,2252.52001953125,1207300,GOOGL
2021-04-23,2267.0,2306.1201171875,2261.25,2299.929931640625,2299.929931640625,1453300,GOOGL
2021-04-26,2304.52001953125,2324.530029296875,2297.320068359375,2309.929931640625,2309.929931640625,1601900,GOOGL
2021-04-27,2317.6298828125,2318.449951171875,2286.159912109375,2290.97998046875,2290.97998046875,2219300,GOOGL
2021-04-28,2392.5,2431.3798828125,2353.219970703125,2359.0400390625,2359.0400390625,4055300,GOOGL
2021-04-29,2389.22998046875,2404.159912109375,2373.85009765625,2392.760009765625,2392.760009765625,2061700,GOOGL
2021-04-30,2368.02001953125,2381.85009765625,2346.56005859375,2353.5,2353.5,2242800,GOOGL
2021-05-03,2364.909912109375,2381.550048828125,2335.5,2343.080078125,2343.080078125,1412100,GOOGL
2021-05-04,2313.550048828125,2324.989990234375,2256.679931640625,2306.830078125,2306.830078125,2240900,GOOGL
2021-05-05,2328.6298828125,2335.0,2308.280029296875,2314.77001953125,2314.77001953125,1331800,GOOGL
2021-05-06,2306.330078125,2337.35009765625,2293.0400390625,2337.35009765625,2337.35009765625,1259500,GOOGL
2021-05-07,2363.889892578125,2371.25,2346.159912109375,2351.929931640625,2351.929931640625,1444900,GOOGL
2021-05-10,2328.139892578125,2331.0,2284.5400390625,2291.75,2291.75,1545700,GOOGL
2021-05-11,2243.070068359375,2280.280029296875,2233.919921875,2270.06005859375,2270.06005859375,1709300,GOOGL
2021-05-12,2226.18994140625,2247.97998046875,2193.6201171875,2200.25,2200.25,2318800,GOOGL
2021-05-13,2226.1201171875,2239.43994140625,2206.719970703125,2229.0400390625,2229.0400390625,1660200,GOOGL
2021-05-14,2258.5400390625,2284.719970703125,2250.0,2278.3798828125,2278.3798828125,1599800,GOOGL
2021-05-17,2263.570068359375,2289.780029296875,2255.510009765625,2288.919921875,2288.919921875,1079900,GOOGL
2021-05-18,2302.35009765625,2307.679931640625,2262.18994140625,2262.469970703125,2262.469970703125,1110200,GOOGL
2021-05-19,2228.429931640625,2274.989990234375,2225.43994140625,2271.5,2271.5,1184200,GOOGL
2021-05-20,2291.0,2312.0,2283.52001953125,2306.949951171875,2306.949951171875,1617600,GOOGL
2021-05-21,2317.409912109375,2318.889892578125,2289.300048828125,2294.1298828125,2294.1298828125,2031600,GOOGL
2021-05-24,2314.889892578125,2365.550048828125,2311.9599609375,2361.0400390625,2361.0400390625,1591600,GOOGL
2021-05-25,2372.0,2384.0,2355.0,2362.8701171875,2362.8701171875,1122000,GOOGL
2021-05-26,2366.52001953125,2388.989990234375,2366.4599609375,2380.31005859375,2380.31005859375,1078600,GOOGL
2021-05-27,2389.050048828125,2389.050048828125,2356.260009765625,2362.679931640625,2362.679931640625,1761200,GOOGL
2021-05-28,2374.419921875,2376.070068359375,2352.85009765625,2356.85009765625,2356.85009765625,1074100,GOOGL
2021-06-01,2374.43994140625,2385.7099609375,2354.280029296875,2381.179931640625,2381.179931640625,1167700,GOOGL
2021-06-02,2389.14990234375,2393.639892578125,2352.360107421875,2370.590087890625,2370.590087890625,1057900,GOOGL
2021-06-03,2345.72998046875,2357.02001953125,2329.52001953125,2347.580078125,2347.580078125,934800,GOOGL
2021-06-04,2369.27001953125,2399.030029296875,2362.409912109375,2393.570068359375,2393.570068359375,1222900,GOOGL
2021-06-07,2389.43994140625,2404.510009765625,2381.0,2402.300048828125,2402.300048828125,1206000,GOOGL
2021-06-08,2412.010009765625,2419.52001953125,2394.780029296875,2398.43994140625,2398.43994140625,1212000,GOOGL
2021-06-09,2411.429931640625,2412.8798828125,2396.89990234375,2407.93994140625,2407.93994140625,897100,GOOGL
2021-06-10,2406.919921875,2436.0,2403.780029296875,2435.1298828125,2435.1298828125,1295200,GOOGL
2021-06-11,2440.0,2441.719970703125,2418.9599609375,2430.199951171875,2430.199951171875,1097900,GOOGL
2021-06-14,2432.260009765625,2448.919921875,2418.0,2448.909912109375,2448.909912109375,1104900,GOOGL
2021-06-15,2449.0,2455.510009765625,2421.1201171875,2428.389892578125,2428.389892578125,1078100,GOOGL
2021-06-16,2431.43994140625,2437.719970703125,2389.39990234375,2415.449951171875,2415.449951171875,1323600,GOOGL
2021-06-17,2413.949951171875,2450.449951171875,2410.0,2434.8701171875,2434.8701171875,1292100,GOOGL
2021-06-18,2427.340087890625,2432.06005859375,2400.300048828125,2402.219970703125,2402.219970703125,2305800,GOOGL
2021-06-21,2410.010009765625,2440.0,2397.969970703125,2436.25,2436.25,1370700,GOOGL
2021-06-22,2435.0,2448.0,2421.280029296875,2446.610107421875,2446.610107421875,1119500,GOOGL
2021-06-23,2441.8701171875,2461.909912109375,2436.68994140625,2442.5400390625,2442.5400390625,957400,GOOGL
2021-06-24,2454.0,2461.110107421875,2446.0,2450.0,2450.0,1068100,GOOGL
2021-06-25,2440.0,2452.659912109375,2431.300048828125,2450.169921875,2450.169921875,1729700,GOOGL
2021-06-28,2453.570068359375,2455.699951171875,2428.110107421875,2450.719970703125,2450.719970703125,1426300,GOOGL
2021-06-29,2453.409912109375,2460.419921875,2433.820068359375,2445.449951171875,2445.449951171875,1155400,GOOGL
2021-06-30,2439.889892578125,2445.139892578125,2427.090087890625,2441.7900390625,2441.7900390625,1223700,GOOGL
2021-07-01,2434.5,2451.739990234375,2430.6298828125,2448.889892578125,2448.889892578125,905500,GOOGL
2021-07-02,2463.0,2508.080078125,2461.18994140625,2505.14990234375,2505.14990234375,1299100,GOOGL
2021-07-06,2512.969970703125,2528.56005859375,2491.64990234375,2523.800048828125,2523.800048828125,1320200,GOOGL
2021-07-07,2543.239990234375,2545.679931640625,2523.06005859375,2529.47998046875,2529.47998046875,1203000,GOOGL
2021-07-08,2480.52001953125,2511.909912109375,2480.43994140625,2500.8798828125,2500.8798828125,1189500,GOOGL
2021-07-09,2500.5,2514.68994140625,2491.030029296875,2510.3701171875,2510.3701171875,931600,GOOGL
2021-07-12,2523.56005859375,2541.389892578125,2512.219970703125,2539.510009765625,2539.510009765625,883400,GOOGL
2021-07-13,2540.77001953125,2561.14990234375,2533.489990234375,2546.830078125,2546.830078125,962000,GOOGL
2021-07-14,2559.159912109375,2586.530029296875,2558.2900390625,2564.739990234375,2564.739990234375,1187100,GOOGL
2021-07-15,2572.97998046875,2574.0,2530.60009765625,2540.10009765625,2540.10009765625,1210900,GOOGL
2021-07-16,2553.260009765625,2556.22998046875,2523.070068359375,2539.39990234375,2539.39990234375,1021200,GOOGL
2021-07-19,2521.7900390625,2524.10009765625,2470.10009765625,2491.56005859375,2491.56005859375,1398400,GOOGL
2021-07-20,2510.550048828125,2540.860107421875,2487.010009765625,2524.18994140625,2524.18994140625,1315600,GOOGL
2021-07-21,2522.669921875,2551.919921875,2520.469970703125,2550.97998046875,2550.97998046875,1037300,GOOGL
2021-07-22,2556.8798828125,2569.659912109375,2549.97998046875,2568.429931640625,2568.429931640625,715100,GOOGL
2021-07-23,2608.610107421875,2667.97998046875,2596.010009765625,2660.300048828125,2660.300048828125,2075300,GOOGL
2021-07-26,2666.570068359375,2684.739990234375,2646.030029296875,2680.699951171875,2680.699951171875,1528600,GOOGL
2021-07-27,2685.010009765625,2687.97998046875,2602.080078125,2638.0,2638.0,2735500,GOOGL
2021-07-28,2726.239990234375,2765.93994140625,2705.550048828125,2721.8798828125,2721.8798828125,4756500,GOOGL
2021-07-29,2723.0,2733.219970703125,2710.860107421875,2715.550048828125,2715.550048828125,1585800,GOOGL
2021-07-30,2700.699951171875,2706.090087890625,2685.10009765625,2694.530029296875,2694.530029296875,1278200,GOOGL
2021-08-02,2702.340087890625,2706.72998046875,2675.8798828125,2697.090087890625,2697.090087890625,1081700,GOOGL
2021-08-03,2702.699951171875,2714.639892578125,2666.389892578125,2712.60009765625,2712.60009765625,1038100,GOOGL
2021-08-04,2706.989990234375,2712.989990234375,2689.739990234375,2702.510009765625,2702.510009765625,983800,GOOGL
2021-08-05,2713.610107421875,2727.0,2696.919921875,2725.030029296875,2725.030029296875,893500,GOOGL
2021-08-06,2720.840087890625,2729.449951171875,2704.199951171875,2714.77001953125,2714.77001953125,1023700,GOOGL
2021-08-09,2718.85009765625,2743.679931640625,2706.7900390625,2738.260009765625,2738.260009765625,888000,GOOGL
2021-08-10,2746.840087890625,2755.449951171875,2727.2900390625,2736.139892578125,2736.139892578125,970700,GOOGL
2021-08-11,2743.6298828125,2753.64990234375,2725.429931640625,2725.580078125,2725.580078125,767600,GOOGL
2021-08-12,2719.510009765625,2746.0,2708.510009765625,2743.8798828125,2743.8798828125,825300,GOOGL
2021-08-13,2745.0,2757.1298828125,2740.659912109375,2754.550048828125,2754.550048828125,797000,GOOGL
2021-08-16,2750.5,2767.25,2705.97998046875,2766.18994140625,2766.18994140625,1119200,GOOGL
2021-08-17,2755.0,2765.31005859375,2721.639892578125,2733.22998046875,2733.22998046875,1085800,GOOGL
2021-08-18,2730.0,2742.090087890625,2706.429931640625,2708.97998046875,2708.97998046875,962900,GOOGL
2021-08-19,2688.7099609375,2727.050048828125,2685.0,2713.60009765625,2713.60009765625,1089100,GOOGL
2021-08-20,2720.0,2751.080078125,2705.0,2748.590087890625,2748.590087890625,1558600,GOOGL
2021-08-23,2759.389892578125,2817.489990234375,2752.14990234375,2800.830078125,2800.830078125,1422700,GOOGL
2021-08-24,2812.22998046875,2841.60009765625,2806.77001953125,2825.22998046875,2825.22998046875,963400,GOOGL
2021-08-25,2832.5,2843.7900390625,2827.52001953125,2841.580078125,2841.580078125,792400,GOOGL
2021-08-26,2835.0,2848.35009765625,2827.139892578125,2828.81005859375,2828.81005859375,1030500,GOOGL
2021-08-27,2833.050048828125,2890.25,2829.93994140625,2880.080078125,2880.080078125,1438600,GOOGL
2021-08-30,2888.0,2919.409912109375,2883.260009765625,2891.81005859375,2891.81005859375,1221700,GOOGL
2021-08-31,2902.93994140625,2903.429931640625,2885.6201171875,2893.949951171875,2893.949951171875,1122400,GOOGL
2021-09-01,2900.0,2925.080078125,2897.669921875,2904.31005859375,2904.31005859375,1096800,GOOGL
2021-09-02,2904.320068359375,2910.389892578125,2863.699951171875,2865.739990234375,2865.739990234375,1617100,GOOGL
2021-09-03,2861.610107421875,2883.10009765625,2848.010009765625,2874.7900390625,2874.7900390625,992500,GOOGL
2021-09-07,2876.68994140625,2891.300048828125,2872.3798828125,2885.610107421875,2885.610107421875,1006200,GOOGL
2021-09-08,2882.0,2888.0,2860.0,2873.820068359375,2873.820068359375,917200,GOOGL
2021-09-09,2876.81005859375,2886.2099609375,2863.550048828125,2870.820068359375,2870.820068359375,765700,GOOGL
2021-09-10,2884.25,2894.3701171875,2814.760009765625,2817.52001953125,2817.52001953125,1840700,GOOGL
2021-09-13,2838.989990234375,2859.0,2825.0,2846.64990234375,2846.64990234375,1104700,GOOGL
2021-09-14,2859.909912109375,2867.260009765625,2835.0,2850.889892578125,2850.889892578125,983700,GOOGL
2021-09-15,2855.429931640625,2889.010009765625,2826.949951171875,2888.590087890625,2888.590087890625,1370400,GOOGL
2021-09-16,2879.010009765625,2886.0,2848.030029296875,2872.199951171875,2872.199951171875,1309500,GOOGL
2021-09-17,2860.610107421875,2869.0,2809.39990234375,2816.0,2816.0,2669200,GOOGL
2021-09-20,2763.22998046875,2780.0,2726.43994140625,2774.389892578125,2774.389892578125,2325900,GOOGL
2021-09-21,2794.989990234375,2800.22998046875,2765.56005859375,2780.659912109375,2780.659912109375,1266600,GOOGL
2021-09-22,2786.080078125,2817.739990234375,2771.030029296875,2805.669921875,2805.669921875,1252800,GOOGL
2021-09-23,2819.75,2833.929931640625,2808.030029296875,2824.320068359375,2824.320068359375,1047600,GOOGL
2021-09-24,2810.77001953125,2846.610107421875,2804.820068359375,2844.300048828125,2844.300048828125,1149200,GOOGL
2021-09-27,2816.090087890625,2838.77001953125,2801.35009765625,2821.43994140625,2821.43994140625,1094100,GOOGL
2021-09-28,2773.10009765625,2781.929931640625,2707.199951171875,2716.60009765625,2716.60009765625,2288600,GOOGL
2021-09-29,2739.60009765625,2743.02001953125,2677.300048828125,2687.070068359375,2687.070068359375,1542400,GOOGL
2021-09-30,2685.22998046875,2710.85009765625,2671.1201171875,2673.52001953125,2673.52001953125,1899800,GOOGL
2021-10-01,2688.949951171875,2738.2099609375,2681.4599609375,2730.860107421875,2730.860107421875,1768000,GOOGL
2021-10-04,2719.2099609375,2719.2099609375,2621.0,2673.18994140625,2673.18994140625,2560100,GOOGL
2021-10-05,2680.820068359375,2744.489990234375,2680.820068359375,2720.4599609375,2720.4599609375,1620200,GOOGL
2021-10-06,2695.0,2755.0,2691.0,2751.300048828125,2751.300048828125,1218200,GOOGL
2021-10-07,2777.840087890625,2800.840087890625,2773.02001953125,2784.5,2784.5,1255500,GOOGL
2021-10-08,2791.5400390625,2806.6201171875,2784.35009765625,2795.7099609375,2795.7099609375,1325200,GOOGL
2021-10-11,2785.840087890625,2814.239990234375,2777.179931640625,2778.280029296875,2778.280029296875,897700,GOOGL
2021-10-12,2789.60009765625,2790.139892578125,2715.199951171875,2728.97998046875,2728.97998046875,1816600,GOOGL
2021-10-13,2748.050048828125,2760.0,2730.3798828125,2751.639892578125,2751.639892578125,982700,GOOGL
2021-10-14,2789.47998046875,2826.75,2776.5,2823.02001953125,2823.02001953125,1594700,GOOGL
2021-10-15,2832.2900390625,2834.360107421875,2815.10009765625,2827.360107421875,2827.360107421875,1512900,GOOGL
2021-10-18,2821.530029296875,2855.919921875,2821.389892578125,2855.56005859375,2855.56005859375,1019800,GOOGL
2021-10-19,2867.75,2873.25,2852.0,2864.739990234375,2864.739990234375,1008200,GOOGL
2021-10-20,2866.760009765625,2870.919921875,2827.530029296875,2835.3798828125,2835.3798828125,1164400,GOOGL
2021-10-21,2835.3798828125,2843.1201171875,2810.0,2837.719970703125,2837.719970703125,1314600,GOOGL
2021-10-22,2783.0,2811.659912109375,2721.1201171875,2751.330078125,2751.330078125,2529400,GOOGL
2021-10-25,2751.0,2760.0,2708.47998046875,2748.93994140625,2748.93994140625,1720600,GOOGL
2021-10-26,2785.27001953125,2801.659912109375,2766.090087890625,2786.169921875,2786.169921875,2461800,GOOGL
2021-10-27,2788.10009765625,2973.0,2788.10009765625,2924.35009765625,2924.35009765625,4289100,GOOGL
2021-10-28,2942.68994140625,2943.159912109375,2892.5400390625,2916.97998046875,2916.97998046875,1810300,GOOGL
2021-10-29,2901.56005859375,2964.840087890625,2892.989990234375,2960.919921875,2960.919921875,2166000,GOOGL
2021-11-01,2960.919921875,2960.919921875,2864.510009765625,2869.93994140625,2869.93994140625,2346200,GOOGL
2021-11-02,2891.590087890625,2932.179931640625,2886.7099609375,2908.64990234375,2908.64990234375,1674100,GOOGL
2021-11-03,2918.010009765625,2933.3798828125,2891.820068359375,2931.9599609375,2931.9599609375,1374700,GOOGL
2021-11-04,2942.489990234375,2994.669921875,2926.159912109375,2965.35009765625,2965.35009765625,1920600,GOOGL
2021-11-05,2983.389892578125,3006.550048828125,2963.93994140625,2977.0400390625,2977.0400390625,1915800,GOOGL
2021-11-08,2996.5,3012.300048828125,2968.610107421875,2980.6201171875,2980.6201171875,1152600,GOOGL
2021-11-09,2984.659912109375,2996.68994140625,2944.89990234375,2978.3701171875,2978.3701171875,976500,GOOGL
2021-11-10,2950.0,2961.39990234375,2890.75,2917.8701171875,2917.8701171875,1498500,GOOGL
2021-11-11,2929.7900390625,2950.7099609375,2912.010009765625,2915.330078125,2915.330078125,825900,GOOGL
2021-11-12,2932.31005859375,2977.0,2908.219970703125,2973.56005859375,2973.56005859375,1116900,GOOGL
2021-11-15,2978.010009765625,2990.989990234375,2951.5,2969.0400390625,2969.0400390625,1175400,GOOGL
2021-11-16,2962.989990234375,2975.25,2946.25,2957.52001953125,2957.52001953125,945200,GOOGL
2021-11-17,2960.550048828125,2971.18994140625,2944.800048828125,2960.93994140625,2960.93994140625,979700,GOOGL
2021-11-18,2964.830078125,3011.610107421875,2957.68994140625,2996.77001953125,2996.77001953125,1780400,GOOGL
2021-11-19,2999.510009765625,3019.330078125,2977.97998046875,2978.530029296875,2978.530029296875,1684100,GOOGL
2021-11-22,2986.64990234375,2996.590087890625,2922.949951171875,2926.0400390625,2926.0400390625,1529700,GOOGL
2021-11-23,2923.06005859375,2933.199951171875,2882.300048828125,2915.639892578125,2915.639892578125,1360900,GOOGL
2021-11-24,2909.469970703125,2924.989990234375,2887.4599609375,2922.39990234375,2922.39990234375,902000,GOOGL
2021-11-26,2886.969970703125,2891.14990234375,2836.85009765625,2843.659912109375,2843.659912109375,1523500,GOOGL
2021-11-29,2880.0,2925.949951171875,2877.8701171875,2910.610107421875,2910.610107421875,1629800,GOOGL
2021-11-30,2900.169921875,2920.0,2832.030029296875,2837.949951171875,2837.949951171875,2103400,GOOGL
2021-12-01,2880.0,2919.010009765625,2818.239990234375,2821.030029296875,2821.030029296875,1701000,GOOGL
2021-12-02,2825.0,2877.2900390625,2804.2900390625,2859.320068359375,2859.320068359375,1459700,GOOGL
2021-12-03,2873.6201171875,2888.0,2806.02001953125,2840.030029296875,2840.030029296875,2060800,GOOGL
2021-12-06,2860.81005859375,2877.050048828125,2803.0,2863.10009765625,2863.10009765625,1530900,GOOGL
2021-12-07,2911.929931640625,2950.6201171875,2904.550048828125,2945.389892578125,2945.389892578125,1612000,GOOGL
2021-12-08,2951.929931640625,2967.860107421875,2928.1201171875,2963.72998046875,2963.72998046875,1213500,GOOGL
2021-12-09,2951.820068359375,2982.0,2942.300048828125,2952.77001953125,2952.77001953125,1163500,GOOGL
2021-12-10,2974.0,2979.550048828125,2934.080078125,2960.030029296875,2960.030029296875,1222900,GOOGL
2021-12-13,2955.6298828125,2959.39990234375,2910.35009765625,2916.530029296875,2916.530029296875,1353500,GOOGL
2021-12-14,2879.360107421875,2889.60009765625,2824.300048828125,2878.139892578125,2878.139892578125,1922300,GOOGL
2021-12-15,2868.179931640625,2934.419921875,2833.56005859375,2928.820068359375,2928.820068359375,1818500,GOOGL
2021-12-16,2943.409912109375,2953.5400390625,2872.139892578125,2888.89990234375,2888.89990234375,1682500,GOOGL
2021-12-17,2850.0,2876.68994140625,2826.0,2834.5,2834.5,2520800,GOOGL
2021-12-20,2800.0,2835.489990234375,2786.419921875,2832.139892578125,2832.139892578125,1359600,GOOGL
2021-12-21,2841.070068359375,2877.3798828125,2810.050048828125,2869.449951171875,2869.449951171875,1437800,GOOGL
2021-12-22,2861.35009765625,2930.0,2861.35009765625,2928.300048828125,2928.300048828125,1316100,GOOGL
2021-12-23,2930.0,2964.8701171875,2929.0400390625,2938.330078125,2938.330078125,1318500,GOOGL
2021-12-27,2945.1201171875,2966.8798828125,2943.389892578125,2958.1298828125,2958.1298828125,798800,GOOGL
2021-12-28,2964.719970703125,2965.97998046875,2921.090087890625,2933.739990234375,2933.739990234375,910000,GOOGL
